threads,n,kernel,serial_ns,threaded_ns,ratio
2,128,real_to_complex,60.9702,3128.6903,51.3150735933292
2,128,complex_to_real,55.6545,2952.0981,53.043295690375444
2,2048,real_to_complex,359.77575261109973,2936.701413065738,8.162588478385231
2,2048,complex_to_real,369.2750358386238,2932.7990989146015,7.942045397827159
2,8192,real_to_complex,1281.5356265356265,3473.199836199836,2.7101859396518946
2,8192,complex_to_real,1303.4176904176904,3491.899262899263,2.6790331975471777
2,32768,real_to_complex,5046.395424836602,5229.346405228758,1.0362537940431176
2,32768,complex_to_real,5353.133986928105,5294.725490196079,0.9890889156007202
2,65536,real_to_complex,11639.934640522875,8077.941176470588,0.6939850975063311
2,65536,complex_to_real,11759.424836601307,8531.37908496732,0.7254928879185768
2,262144,real_to_complex,45652.0,26229.641025641027,0.5745562302996808
2,262144,complex_to_real,45398.48717948718,26056.76923076923,0.5739567736640947
2,1048576,real_to_complex,514305.3,342245.95,0.6654528934467524
2,1048576,complex_to_real,422910.6,284800.65,0.6734299163936777
