model,implementation,ranks,threads,blas_threads,rep,steps,samples_per_rank,total_samples_per_step,seconds,final_energy_per_site,observed_workers_min,observed_workers_max
L16,julia,1,4,1,1,300,300,300,4.286273102,-0.5418807042567221,4,4
L16,julia,1,4,1,2,300,300,300,4.274250468,-0.5418807042567221,4,4
L16,julia,1,4,1,3,300,300,300,4.317146317,-0.5418807042567221,4,4
L16,julia,2,2,1,1,300,150,300,2.337347428,-0.5440664390138433,2,2
L16,julia,2,2,1,2,300,150,300,2.332366689,-0.5440664390138433,2,2
L16,julia,2,2,1,3,300,150,300,2.335424995,-0.5440664390138433,2,2
L16,julia,4,1,1,1,300,75,300,1.164329684,-0.5392113432171823,1,1
L16,julia,4,1,1,2,300,75,300,1.151904132,-0.5392113432171823,1,1
L16,julia,4,1,1,3,300,75,300,1.148025343,-0.5392113432171823,1,1
L24,julia,1,4,1,1,300,300,300,8.107484555,-0.5592391777740648,4,4
L24,julia,1,4,1,2,300,300,300,8.149418319,-0.5592391777740648,4,4
L24,julia,1,4,1,3,300,300,300,8.067352567,-0.5592391777740648,4,4
L24,julia,2,2,1,1,300,150,300,4.610253885,-0.5625309100306101,2,2
L24,julia,2,2,1,2,300,150,300,4.386669405,-0.5625309100306101,2,2
L24,julia,2,2,1,3,300,150,300,4.372741451,-0.5625309100306101,2,2
L24,julia,4,1,1,1,300,75,300,2.412571338,-0.5573122614586408,1,1
L24,julia,4,1,1,2,300,75,300,2.38624415,-0.5573122614586408,1,1
L24,julia,4,1,1,3,300,75,300,2.388855991,-0.5573122614586408,1,1
L32,julia,1,4,1,1,300,300,300,14.036661162,-0.49625239844297164,4,4
L32,julia,1,4,1,2,300,300,300,14.076115983,-0.49625239844297164,4,4
L32,julia,1,4,1,3,300,300,300,13.915749339,-0.49625239844297164,4,4
L32,julia,2,2,1,1,300,150,300,7.735209571,-0.44069403920152606,2,2
L32,julia,2,2,1,2,300,150,300,7.696225162,-0.44069403920152606,2,2
L32,julia,2,2,1,3,300,150,300,7.774400071,-0.44069403920152606,2,2
L32,julia,4,1,1,1,300,75,300,4.284880316,-0.5263232003202876,1,1
L32,julia,4,1,1,2,300,75,300,4.284289694,-0.5263232003202876,1,1
L32,julia,4,1,1,3,300,75,300,4.352120853,-0.5263232003202876,1,1
